"pais","code","año","gasto_id","patentes_1","patentes_2","publicaciones","registros"
"Argenti","ARG",2000,0.43884,1062,5574,4385.98,61847
"Argenti","ARG",2001,0.42461,691,5088,4501.47,40583
"Argenti","ARG",2002,0.38886,718,4143,4811.32,42812
"Argenti","ARG",2003,0.41013,792,3765,4598.69,81216
"Argenti","ARG",2004,0.40376,786,3816,4702.95,76431
"Argenti","ARG",2005,0.42074,1054,4215,4964.45,79018
"Argenti","ARG",2006,0.45216,1020,4597,5587.62,77711
"Argenti","ARG",2007,0.46007,937,4806,5684.67,71559
"Argenti","ARG",2008,0.47055,801,4781,6270.29,89629
"Argenti","ARG",2009,0.58398,640,4336,6897.38,83683
"Argenti","ARG",2010,0.56104,552,4165,7236.62,88428
"Argenti","ARG",2011,0.56597,688,4133,7733.75,77494
"Argenti","ARG",2012,0.63491,735,4078,7842.75,60170
"Argenti","ARG",2013,0.61849,643,4129,7994.13,55295
"Argenti","ARG",2014,0.59396,509,4173,8464.74,58486
"Argenti","ARG",2015,0.62262,546,3579,8370.01,66278
"Argenti","ARG",2016,0.55815,884,2925,8593.36,71058
"Argenti","ARG",2017,0.54152,393,3050,8704.3,74722
"Argenti","ARG",2018,,425,3242,8811.13,71712
"Armenia","ARM",2000,0.19106,119,8,346.29,2886
"Armenia","ARM",2001,0.27987,140,15,305.85,2843
"Armenia","ARM",2002,0.25255,200,7,315.85,2328
"Armenia","ARM",2003,0.32109,151,6,317.38,2841
"Armenia","ARM",2004,0.25659,,,343.09,4169
"Armenia","ARM",2005,0.25761,206,2,388.1,3566
"Armenia","ARM",2006,0.24057,192,1,349.34,3800
"Armenia","ARM",2007,0.21107,135,5,391.91,4422
"Armenia","ARM",2008,0.22438,226,4,374.22,4191
"Armenia","ARM",2009,0.29093,116,11,433.78,3951
"Armenia","ARM",2010,0.24139,136,6,487.46,4308
"Armenia","ARM",2011,0.27014,121,19,586.85,4378
"Armenia","ARM",2012,0.23853,137,4,548.17,4513
"Armenia","ARM",2013,0.22216,125,6,539.92,4537
"Armenia","ARM",2014,0.24151,121,2,544.54,4506
"Armenia","ARM",2015,0.25002,113,2,531.24,4361
"Armenia","ARM",2016,0.23305,125,1,530.82,4015
"Armenia","ARM",2017,0.22788,107,3,511.24,4538
"Armenia","ARM",2018,0.18913,101,4,521.33,4707
"Austria","AUT",2000,1.88602,1961,340,6577.35,20665
"Austria","AUT",2001,1.9921,1815,284,7034.68,19086
"Austria","AUT",2002,2.06598,1932,329,7475.58,16962
"Austria","AUT",2003,2.17456,2120,213,7823.88,17076
"Austria","AUT",2004,2.16612,2248,266,8080.18,16617
"Austria","AUT",2005,2.37324,2270,235,8908.29,15267
"Austria","AUT",2006,2.35923,2271,378,9109.26,14619
"Austria","AUT",2007,2.41843,2385,287,9902.9,14142
"Austria","AUT",2008,2.56945,2298,329,10329.47,13335
"Austria","AUT",2009,2.59674,2263,292,10893.44,11251
"Austria","AUT",2010,2.7261,2424,249,11108.33,10162
"Austria","AUT",2011,2.66868,2154,276,11767.52,9367
"Austria","AUT",2012,2.91472,2258,294,12201.72,9482
"Austria","AUT",2013,2.95492,2162,244,12404.51,8959
"Austria","AUT",2014,3.08429,2092,271,12660.94,8718
"Austria","AUT",2015,3.04979,2205,236,12911.21,8126
"Austria","AUT",2016,3.12588,2078,237,12792.84,8188
"Austria","AUT",2017,3.05212,2073,232,12850.61,8195
"Austria","AUT",2018,3.17177,2039,168,12362.28,8626
"Azerbaijan","AZE",2000,0.336,,,154.76,
"Azerbaijan","AZE",2001,0.34001,203,10,159.12,4427
"Azerbaijan","AZE",2002,0.30155,234,7,245.05,2378
"Azerbaijan","AZE",2003,0.32496,246,18,273.2,2797
"Azerbaijan","AZE",2004,0.29831,270,7,350.2,3496
"Azerbaijan","AZE",2005,0.21994,281,6,348.53,4202
"Azerbaijan","AZE",2006,0.17165,246,13,279.11,4762
"Azerbaijan","AZE",2007,0.17006,287,8,414.86,4586
"Azerbaijan","AZE",2008,0.16554,226,7,477.39,5839
"Azerbaijan","AZE",2009,0.24976,264,17,624.91,4357
"Azerbaijan","AZE",2010,0.21848,254,17,595.22,4412
"Azerbaijan","AZE",2011,0.21084,193,12,638.11,5106
"Azerbaijan","AZE",2012,0.21427,144,,679.27,5225
"Azerbaijan","AZE",2013,0.20969,156,,470.64,5719
"Azerbaijan","AZE",2014,0.20978,168,,395.23,5301
"Azerbaijan","AZE",2015,0.22232,184,,451.68,4952
"Azerbaijan","AZE",2016,0.20637,144,19,593.56,4702
"Azerbaijan","AZE",2017,0.18468,204,22,736.71,4924
"Azerbaijan","AZE",2018,0.18484,155,16,761.43,4993
"Belarus","BLR",2000,0.7221,994,204,1170.05,5847
"Belarus","BLR",2001,0.70876,930,214,1260.38,6311
"Belarus","BLR",2002,0.6209,895,379,1264.88,6080
"Belarus","BLR",2003,0.61147,1082,298,1233.93,6916
"Belarus","BLR",2004,0.62759,1065,200,1225.92,7997
"Belarus","BLR",2005,0.67852,1166,296,1302.2,8175
"Belarus","BLR",2006,0.66065,1188,337,1163.43,9249
"Belarus","BLR",2007,0.96203,1405,257,1300.93,10742
"Belarus","BLR",2008,0.74147,1510,220,1048.25,10417
"Belarus","BLR",2009,0.62167,1753,173,1167.91,9310
"Belarus","BLR",2010,0.65268,1759,174,1061.94,10346
"Belarus","BLR",2011,0.6776,1725,146,1097.17,10379
"Belarus","BLR",2012,0.64603,1681,190,1032.04,11092
"Belarus","BLR",2013,0.65191,1489,145,1099.19,11061
"Belarus","BLR",2014,0.50548,652,105,1056.66,8314
"Belarus","BLR",2015,0.49999,543,148,976.31,7415
"Belarus","BLR",2016,0.50063,455,66,1008.55,7232
"Belarus","BLR",2017,0.58411,434,90,1064.9,7591
"Belarus","BLR",2018,0.60817,453,94,1179.81,7801
"Belgium","BEL",2000,1.92236,577,243,9723.01,37104
"Belgium","BEL",2001,2.02168,571,264,10101.71,33673
"Belgium","BEL",2002,1.89073,601,147,10402.85,31505
"Belgium","BEL",2003,1.83184,519,188,10918.31,32016
"Belgium","BEL",2004,1.80898,514,122,11585.74,31124
"Belgium","BEL",2005,1.78231,517,105,12776.16,37444
"Belgium","BEL",2006,1.81426,490,161,13023.65,33313
"Belgium","BEL",2007,1.84413,454,163,13798.7,30322
"Belgium","BEL",2008,1.92413,575,133,14434.37,28538
"Belgium","BEL",2009,1.98537,669,148,14951.67,25166
"Belgium","BEL",2010,2.05081,620,140,15211.5,25671
"Belgium","BEL",2011,2.15533,636,127,15806.72,25758
"Belgium","BEL",2012,2.27334,755,127,16548.11,24460
"Belgium","BEL",2013,2.33393,715,161,16779.18,23753
"Belgium","BEL",2014,2.38729,889,137,17143.34,23127
"Belgium","BEL",2015,2.46123,949,148,16724.04,24618
"Belgium","BEL",2016,2.55595,1054,119,16763.94,24336
"Belgium","BEL",2017,2.70234,1001,216,16278.27,24416
"Belgium","BEL",2018,2.82119,892,218,15688.13,23559
"Bosnia and Herzegovi","BIH",2000,,31,242,74.59,4111
"Bosnia and Herzegovi","BIH",2001,,52,309,66.14,4039
"Bosnia and Herzegovi","BIH",2002,,,,108.91,
"Bosnia and Herzegovi","BIH",2003,0.01854,32,242,151.74,4091
"Bosnia and Herzegovi","BIH",2004,0.01524,50,346,199.34,4153
"Bosnia and Herzegovi","BIH",2005,0.02697,66,306,250.03,4360
"Bosnia and Herzegovi","BIH",2006,0.01969,55,162,285.9,4498
"Bosnia and Herzegovi","BIH",2007,0.02521,,,312.53,4852
"Bosnia and Herzegovi","BIH",2008,0.01842,59,12,396.82,4914
"Bosnia and Herzegovi","BIH",2009,0.02106,,,443.34,
"Bosnia and Herzegovi","BIH",2010,,56,9,482.17,4243
"Bosnia and Herzegovi","BIH",2011,,43,12,539.74,4071
"Bosnia and Herzegovi","BIH",2012,0.26533,2,14,540.99,3817
"Bosnia and Herzegovi","BIH",2013,0.32132,7,22,486,3932
"Bosnia and Herzegovi","BIH",2014,0.25725,41,2,482.98,3775
"Bosnia and Herzegovi","BIH",2015,0.2186,,,568.22,3737
"Bosnia and Herzegovi","BIH",2016,0.21594,60,6,568.38,3801
"Bosnia and Herzegovi","BIH",2017,0.20048,87,12,724.8,3671
"Bosnia and Herzegovi","BIH",2018,0.1988,84,12,703.79,3778
"Brazil","BRA",2000,1.04751,3179,14104,12783.45,108229
"Brazil","BRA",2001,1.06198,3439,14410,13944.64,101615
"Brazil","BRA",2002,1.00968,3481,13204,16148.98,94311
"Brazil","BRA",2003,0.99939,3866,12545,17585.44,95580
"Brazil","BRA",2004,0.96343,4044,12669,19814.08,94040
"Brazil","BRA",2005,1.00246,4054,14444,22304.02,99318
"Brazil","BRA",2006,0.98807,3956,15886,28348.73,95842
"Brazil","BRA",2007,1.08138,4194,17469,31059.14,104219
"Brazil","BRA",2008,1.12904,4280,18890,35489.96,121912
"Brazil","BRA",2009,1.11866,4271,18135,38551.09,112811
"Brazil","BRA",2010,1.15992,4228,20771,41666.17,127692
"Brazil","BRA",2011,1.13966,4695,23954,44353.74,152699
"Brazil","BRA",2012,1.12684,4798,25637,48282.01,151711
"Brazil","BRA",2013,1.19567,4959,25925,50497.9,163422
"Brazil","BRA",2014,1.27131,4659,25683,52632.41,157016
"Brazil","BRA",2015,1.34264,4641,25578,53064.56,158709
"Brazil","BRA",2016,1.26417,5200,22810,55181.31,166368
"Brazil","BRA",2017,1.26326,5480,20178,58022.38,186103
"Brazil","BRA",2018,,4980,19877,60147.96,204419
"Bulgaria","BGR",2000,0.49866,231,709,1652.95,8982
"Bulgaria","BGR",2001,0.45052,283,785,1646.64,8820
"Bulgaria","BGR",2002,0.46834,289,735,1688.02,9293
"Bulgaria","BGR",2003,0.47587,278,680,1699.24,11197
"Bulgaria","BGR",2004,0.47449,263,133,1831.44,12510
"Bulgaria","BGR",2005,0.44617,261,52,2000.45,13587
"Bulgaria","BGR",2006,0.4454,243,48,1904.57,14906
"Bulgaria","BGR",2007,0.43024,211,28,2451.79,11348
"Bulgaria","BGR",2008,0.44787,249,22,2336.22,10282
"Bulgaria","BGR",2009,0.4947,242,24,2689.9,7391
"Bulgaria","BGR",2010,0.56387,243,17,2627.76,6921
"Bulgaria","BGR",2011,0.53191,262,21,2475.9,6374
"Bulgaria","BGR",2012,0.60479,245,14,2656.48,6124
"Bulgaria","BGR",2013,0.63724,282,15,2685.04,5868
"Bulgaria","BGR",2014,0.79377,218,16,2676.19,6178
"Bulgaria","BGR",2015,0.96015,280,11,2558.33,5836
"Bulgaria","BGR",2016,0.78006,230,11,2557.01,5964
"Bulgaria","BGR",2017,0.75239,202,23,2808.03,5989
"Bulgaria","BGR",2018,0.76803,180,18,3311.27,5810
"Cada","CAN",2000,1.86469,4187,35435,33854.39,46252
"Cada","CAN",2001,2.02831,3963,35753,33374.29,39092
"Cada","CAN",2002,1.97873,3959,35782,36153.2,36733
"Cada","CAN",2003,1.97478,3929,33299,38040.42,38712
"Cada","CAN",2004,2.00416,5231,32970,41974.14,39888
"Cada","CAN",2005,1.97759,5183,34705,47256.69,41832
"Cada","CAN",2006,1.94872,5522,36516,49158.88,45032
"Cada","CAN",2007,1.90857,4998,35133,52152.72,47758
"Cada","CAN",2008,1.8604,5061,37028,53295.51,45619
"Cada","CAN",2009,1.92227,5067,32410,55378.23,40956
"Cada","CAN",2010,1.82958,4550,30899,56294.52,45220
"Cada","CAN",2011,1.79132,4754,30357,57594.93,48472
"Cada","CAN",2012,1.7766,4709,30533,59607.51,50110
"Cada","CAN",2013,1.70964,4567,30174,59902.46,49819
"Cada","CAN",2014,1.71824,4198,31283,60774.68,51029
"Cada","CAN",2015,1.69718,4277,32687,60533.24,52461
"Cada","CAN",2016,1.73019,4078,30667,60045,54665
"Cada","CAN",2017,1.67165,4053,30969,60214.84,58914
"Cada","CAN",2018,1.56625,4349,31812,59967.79,63058
"Chi","CHN",2000,0.89316,25346,26560,53064.35,212771
"Chi","CHN",2001,0.94033,30038,33412,70439.37,259417
"Chi","CHN",2002,1.05786,39806,40426,74015.97,364336
"Chi","CHN",2003,1.12037,56769,48548,86912,446641
"Chi","CHN",2004,1.21498,65786,64598,120362.55,582748
"Chi","CHN",2005,1.30792,93485,79842,165335.65,657603
"Chi","CHN",2006,1.36854,122318,88183,189949.47,739340
"Chi","CHN",2007,1.37369,153060,92101,215206.94,679935
"Chi","CHN",2008,1.44592,194579,95259,249048.56,667025
"Chi","CHN",2009,1.6648,229096,85508,286371.91,806906
"Chi","CHN",2010,1.71372,293066,98111,312516.81,1056564
"Chi","CHN",2011,1.78034,415829,110583,326770.84,1386776
"Chi","CHN",2012,1.91214,535313,117464,329015.38,1618432
"Chi","CHN",2013,1.99786,704936,120200,359274.07,1847938
"Chi","CHN",2014,2.02963,801135,127042,390396.24,2104411
"Chi","CHN",2015,2.0656,968252,133612,407974.61,
"Chi","CHN",2016,2.11831,1204981,133522,438348.74,
"Chi","CHN",2017,2.14512,1245709,135885,473438.51,
"Chi","CHN",2018,2.18568,1393815,148187,528263.25,
"Colombia","COL",2000,0.12999,75,1694,534.68,16610
"Colombia","COL",2001,0.13183,65,432,538.62,14904
"Colombia","COL",2002,0.13944,54,858,680.56,15296
"Colombia","COL",2003,0.15602,82,1127,715.79,16365
"Colombia","COL",2004,0.15353,76,1365,842.07,16930
"Colombia","COL",2005,0.15131,99,1662,975.42,19937
"Colombia","COL",2006,0.1499,142,1861,1401.91,21670
"Colombia","COL",2007,0.18498,128,1862,1587.54,23994
"Colombia","COL",2008,0.20164,126,1818,2374.14,23464
"Colombia","COL",2009,0.196,128,1551,2716.76,21099
"Colombia","COL",2010,0.19532,133,1739,3168.15,25990
"Colombia","COL",2011,0.20625,183,1770,3541.21,29084
"Colombia","COL",2012,0.234,213,1848,4124.71,32030
"Colombia","COL",2013,0.27128,251,1781,4589.7,25924
"Colombia","COL",2014,0.30563,260,1898,5173.66,25688
"Colombia","COL",2015,0.28975,321,1921,5409.93,27991
"Colombia","COL",2016,0.26694,545,1658,6292.29,27570
"Colombia","COL",2017,0.24294,595,1777,6681.57,27085
"Colombia","COL",2018,0.23699,415,1808,7195.02,28119
"Croatia","HRV",2000,1.0441,337,538,1711.69,7031
"Croatia","HRV",2001,0.91644,362,599,1764.98,6567
"Croatia","HRV",2002,0.94846,328,703,1978.94,6062
"Croatia","HRV",2003,0.95034,387,699,2254.44,6931
"Croatia","HRV",2004,1.03207,385,839,2382.48,7522
"Croatia","HRV",2005,0.85689,363,649,2899.78,7810
"Croatia","HRV",2006,0.74081,317,119,2868.85,8434
"Croatia","HRV",2007,0.79187,344,93,3345.26,8774
"Croatia","HRV",2008,0.88397,330,71,3575.31,9312
"Croatia","HRV",2009,0.84323,250,68,3937.85,7140
"Croatia","HRV",2010,0.7422,257,21,3863.66,7524
"Croatia","HRV",2011,0.75041,230,21,4431.51,7044
"Croatia","HRV",2012,0.75029,217,32,4294.02,6852
"Croatia","HRV",2013,0.81016,230,23,4164.84,5212
"Croatia","HRV",2014,0.78252,170,30,4014.91,3531
"Croatia","HRV",2015,0.84027,169,17,4050.72,2907
"Croatia","HRV",2016,0.8627,175,13,3966.92,2962
"Croatia","HRV",2017,0.8645,148,11,4227.47,2827
"Croatia","HRV",2018,0.97489,121,15,4276.9,2754
"Cyprus","CYP",2000,0.2269,,,153.51,3799
"Cyprus","CYP",2001,0.23694,,,130.78,3119
"Cyprus","CYP",2002,0.27967,,,191.59,2860
"Cyprus","CYP",2003,0.31834,12,85,171.76,4814
"Cyprus","CYP",2004,0.33564,9,85,243.78,3269
"Cyprus","CYP",2005,0.36727,20,44,309.17,2733
"Cyprus","CYP",2006,0.38346,,,345.94,3025
"Cyprus","CYP",2007,0.40007,3,16,417.12,2740
"Cyprus","CYP",2008,0.38601,11,10,502.69,2989
"Cyprus","CYP",2009,0.44442,6,6,649.97,1907
"Cyprus","CYP",2010,0.44663,4,4,705.92,2252
"Cyprus","CYP",2011,0.45554,,8,758.88,2088
"Cyprus","CYP",2012,0.43778,4,8,799.38,2174
"Cyprus","CYP",2013,0.48218,2,1,963.42,1847
"Cyprus","CYP",2014,0.50835,4,,915.53,1918
"Cyprus","CYP",2015,0.48059,6,1,935.15,1569
"Cyprus","CYP",2016,0.53442,3,1,1059.28,2082
"Cyprus","CYP",2017,0.56092,8,4,1193.38,
"Cyprus","CYP",2018,0.55859,4,,1245.42,2341
"Czech Republic","CZE",2000,1.11319,555,4384,5372.85,19216
"Czech Republic","CZE",2001,1.10333,568,4184,5773.84,18219
"Czech Republic","CZE",2002,1.10202,526,5031,6098.53,17389
"Czech Republic","CZE",2003,1.14741,625,2954,6418.06,18227
"Czech Republic","CZE",2004,1.14559,623,629,7025.08,16787
"Czech Republic","CZE",2005,1.16835,586,244,7871.5,14996
"Czech Republic","CZE",2006,1.23173,641,195,8765.33,14870
"Czech Republic","CZE",2007,1.30228,716,192,9939.57,14144
"Czech Republic","CZE",2008,1.23933,712,142,10604.28,12667
"Czech Republic","CZE",2009,1.29438,789,92,11093.78,10445
"Czech Republic","CZE",2010,1.33688,868,114,12562.6,10893
"Czech Republic","CZE",2011,1.55571,783,97,13396.16,11034
"Czech Republic","CZE",2012,1.78231,867,150,13812.95,11034
"Czech Republic","CZE",2013,1.89973,984,97,14044.66,10895
"Czech Republic","CZE",2014,1.97285,910,62,15432.41,10124
"Czech Republic","CZE",2015,1.92923,880,72,16700.33,9979
"Czech Republic","CZE",2016,1.68015,792,47,16604.51,9765
"Czech Republic","CZE",2017,1.79079,794,66,16782.25,9837
"Czech Republic","CZE",2018,1.92829,678,54,15576.6,9489
"Denmark","DNK",2000,,1730,140,7160.46,12188
"Denmark","DNK",2001,2.32466,1757,188,7164.41,11097
"Denmark","DNK",2002,2.44145,1815,169,7217.39,10153
"Denmark","DNK",2003,2.51085,1772,153,7478.49,9762
"Denmark","DNK",2004,2.41916,1877,138,7867.99,10113
"Denmark","DNK",2005,2.39337,1658,165,8381.74,9548
"Denmark","DNK",2006,2.403,1503,188,8590.46,8566
"Denmark","DNK",2007,2.51541,1660,197,9007.63,8116
"Denmark","DNK",2008,2.77346,1634,195,9245.54,7557
"Denmark","DNK",2009,3.05514,1518,131,9760.09,5751
"Denmark","DNK",2010,2.91707,1626,142,10285.53,5564
"Denmark","DNK",2011,2.94465,1574,197,11405.13,5349
"Denmark","DNK",2012,2.98125,1406,229,12390.58,4852
"Denmark","DNK",2013,2.97048,1341,193,12899.7,4716
"Denmark","DNK",2014,2.91409,1377,206,14145.01,4480
"Denmark","DNK",2015,3.05497,1462,270,14214.95,4439
"Denmark","DNK",2016,3.10401,1552,298,14160.25,4353
"Denmark","DNK",2017,3.046,1490,282,14345.19,4298
"Denmark","DNK",2018,3.06408,1262,239,13978.8,4095
"Egypt, Arab Rep.","EGY",2000,0.19247,534,1081,2704.79,11370
"Egypt, Arab Rep.","EGY",2001,,464,923,2982.45,11450
"Egypt, Arab Rep.","EGY",2002,,627,788,3060.03,10443
"Egypt, Arab Rep.","EGY",2003,,493,626,3414.29,9269
"Egypt, Arab Rep.","EGY",2004,0.26994,382,312,3601.33,9716
"Egypt, Arab Rep.","EGY",2005,0.24141,428,1008,3622.85,12573
"Egypt, Arab Rep.","EGY",2006,0.25903,,,4004.55,16283
"Egypt, Arab Rep.","EGY",2007,0.2551,516,1589,4547.63,18815
"Egypt, Arab Rep.","EGY",2008,0.27024,481,1649,4961.3,16808
"Egypt, Arab Rep.","EGY",2009,0.43312,490,1452,6131.85,17206
"Egypt, Arab Rep.","EGY",2010,0.43345,605,1625,6608.36,21860
"Egypt, Arab Rep.","EGY",2011,0.53154,618,1591,7332.48,17710
"Egypt, Arab Rep.","EGY",2012,0.50899,683,1528,8345.18,18048
"Egypt, Arab Rep.","EGY",2013,0.63895,641,1416,8615.9,17429
"Egypt, Arab Rep.","EGY",2014,0.63649,752,1384,9171.76,19260
"Egypt, Arab Rep.","EGY",2015,0.71858,718,1337,9820.47,20151
"Egypt, Arab Rep.","EGY",2016,0.70848,920,1258,11109.22,20858
"Egypt, Arab Rep.","EGY",2017,0.67941,1025,1254,11392.95,21945
"Egypt, Arab Rep.","EGY",2018,0.72388,997,1258,13326.67,24522
"Estonia","EST",2000,0.60009,13,791,459.56,5903
"Estonia","EST",2001,0.69946,18,699,520.4,5780
"Estonia","EST",2002,0.71649,19,700,506.01,5609
"Estonia","EST",2003,0.76777,18,584,566.38,6365
"Estonia","EST",2004,0.85193,27,97,633.93,5616
"Estonia","EST",2005,0.92364,23,15,712.32,4462
"Estonia","EST",2006,1.11666,36,9,872.88,4366
"Estonia","EST",2007,1.06884,44,19,1065.71,4656
"Estonia","EST",2008,1.25952,62,10,1133.18,4145
"Estonia","EST",2009,1.39541,76,20,1149.79,2840
"Estonia","EST",2010,1.58162,84,13,1400.31,2950
"Estonia","EST",2011,2.30655,62,15,1406.07,2780
"Estonia","EST",2012,2.12265,20,5,1501.17,2531
"Estonia","EST",2013,1.72216,25,17,1463.31,2728
"Estonia","EST",2014,1.42931,44,6,1690.56,2562
"Estonia","EST",2015,1.46604,30,6,1578.23,2365
"Estonia","EST",2016,1.2468,29,1,1555.17,2152
"Estonia","EST",2017,1.28867,37,4,1559,2381
"Estonia","EST",2018,1.42515,24,6,1414.72,2703
"Finland","FIN",2000,3.24569,2579,324,7442.32,10278
"Finland","FIN",2001,3.19795,2390,270,7774.78,9465
"Finland","FIN",2002,3.2574,2162,207,7838.31,8433
"Finland","FIN",2003,3.30214,1972,215,8015.51,7720
"Finland","FIN",2004,3.31494,2011,209,8733.97,7893
"Finland","FIN",2005,3.32976,1830,229,9159.19,6801
"Finland","FIN",2006,3.33762,1816,202,9269.05,6911
"Finland","FIN",2007,3.34577,1804,211,9448.99,6946
"Finland","FIN",2008,3.54708,1799,147,9630.91,6848
"Finland","FIN",2009,3.74883,1806,127,10002.57,5236
"Finland","FIN",2010,3.72598,1731,102,10027.04,5282
"Finland","FIN",2011,3.63881,1650,124,10307.81,5321
"Finland","FIN",2012,3.41948,1698,129,10520.43,5204
"Finland","FIN",2013,3.28719,1596,141,10849.07,5141
"Finland","FIN",2014,3.16931,1419,126,11314.67,4451
"Finland","FIN",2015,2.89157,1289,127,10942.46,4282
"Finland","FIN",2016,2.74264,1260,108,11106.38,4825
"Finland","FIN",2017,2.7569,1390,139,10768.81,4455
"Finland","FIN",2018,2.77381,1387,100,10598.94,4235
"France","FRA",2000,2.09346,13870,3483,49691.91,112324
"France","FRA",2001,2.13804,13499,3605,50482.24,74652
"France","FRA",2002,2.17449,13519,3389,51160.55,70576
"France","FRA",2003,2.11994,13511,3339,52176.13,69689
"France","FRA",2004,2.09461,14230,3060,54779.77,74696
"France","FRA",2005,2.05151,14327,2948,59245.82,74489
"France","FRA",2006,2.05094,14529,2720,61833.74,76370
"France","FRA",2007,2.02451,14722,2387,63610.5,79827
"France","FRA",2008,2.06117,14658,1761,66459.77,79021
"France","FRA",2009,2.21207,14100,1593,68273.77,83901
"France","FRA",2010,2.17857,14748,1832,68745.84,93141
"France","FRA",2011,2.19161,14655,2099,70612.25,93041
"France","FRA",2012,2.22707,14540,2092,72628.77,89870
"France","FRA",2013,2.23703,14690,2196,73631.77,89414
"France","FRA",2014,2.27592,14500,2033,73299.07,90958
"France","FRA",2015,2.26703,14306,1994,71925.79,94917
"France","FRA",2016,2.22238,14206,2012,71028.47,91797
"France","FRA",2017,2.20557,14415,1832,70100.94,94172
"France","FRA",2018,2.20002,14303,1919,66352.18,98279
"Germany","DEU",2000,2.4014,51736,10406,69002.63,97892
"Germany","DEU",2001,2.39631,49989,10486,70648.69,77984
"Germany","DEU",2002,2.4239,47598,10589,71545.71,66642
"Germany","DEU",2003,2.46513,47818,10663,72368.78,70807
"Germany","DEU",2004,2.4265,48448,10786,75429.31,75598
"Germany","DEU",2005,2.42861,48367,11855,83968.28,79223
"Germany","DEU",2006,2.46388,48012,12573,85233.18,79744
"Germany","DEU",2007,2.44709,47853,13139,89413.66,83193
"Germany","DEU",2008,2.59957,49240,13177,91903.9,80841
"Germany","DEU",2009,2.72644,47859,11724,95453.2,74370
"Germany","DEU",2010,2.71367,47047,12198,97252.08,74229
"Germany","DEU",2011,2.79562,46986,12458,100768.62,68741
"Germany","DEU",2012,2.86813,46620,14720,105433.18,64593
"Germany","DEU",2013,2.82105,47353,15814,105730.82,64496
"Germany","DEU",2014,2.86691,48154,17811,108473.69,70880
"Germany","DEU",2015,2.91197,47384,19509,106452.92,72807
"Germany","DEU",2016,2.91712,48480,19419,108295.59,73414
"Germany","DEU",2017,3.03763,47785,19927,107803.17,76705
"Germany","DEU",2018,3.09415,46617,21281,104396.12,75236
"Greece","GRC",2000,,306,34,5292.2,11126
"Greece","GRC",2001,0.55948,385,49,5744.89,11768
"Greece","GRC",2002,,376,36,6428,10829
"Greece","GRC",2003,0.54654,393,27,6754.36,11642
"Greece","GRC",2004,0.5273,379,28,7956.45,
"Greece","GRC",2005,0.57896,462,20,9226.77,10524
"Greece","GRC",2006,0.56118,532,30,10605.54,
"Greece","GRC",2007,0.57655,575,20,11151.57,10508
"Greece","GRC",2008,0.66183,628,30,11817.55,10107
"Greece","GRC",2009,0.62557,698,22,12102.77,
"Greece","GRC",2010,0.59838,728,16,11994.49,6241
"Greece","GRC",2011,0.67196,721,20,11958.26,6133
"Greece","GRC",2012,0.69957,628,28,11924.42,5592
"Greece","GRC",2013,0.81131,698,19,11881.18,6566
"Greece","GRC",2014,0.8333,651,19,11664.94,6781
"Greece","GRC",2015,0.96121,550,23,11237.15,6764
"Greece","GRC",2016,0.99394,606,40,11156.77,6689
"Greece","GRC",2017,1.13109,498,91,10986.92,7076
"Greece","GRC",2018,1.17732,430,149,10906.99,7230
"Guatemala","GTM",2000,,54,250,24.52,9821
"Guatemala","GTM",2001,,30,285,23.62,8088
"Guatemala","GTM",2002,,8,293,23.58,7808
"Guatemala","GTM",2003,,6,296,26.71,7138
"Guatemala","GTM",2004,,9,266,27.55,5832
"Guatemala","GTM",2005,0.035,17,388,44.75,9743
"Guatemala","GTM",2006,0.0493,28,500,34.47,10879
"Guatemala","GTM",2007,0.06674,9,99,30.89,11003
"Guatemala","GTM",2008,0.06188,5,306,34.57,9008
"Guatemala","GTM",2009,0.0553,7,322,54.33,7816
"Guatemala","GTM",2010,0.0435,7,374,52.25,9175
"Guatemala","GTM",2011,0.04814,4,327,44.8,
"Guatemala","GTM",2012,0.04471,7,337,67.74,
"Guatemala","GTM",2013,0.03854,4,319,73.86,
"Guatemala","GTM",2014,0.02905,10,288,65.67,
"Guatemala","GTM",2015,0.02988,7,341,83.29,
"Guatemala","GTM",2016,0.02224,3,266,86.16,
"Guatemala","GTM",2017,0.028,3,275,103.77,12012
"Guatemala","GTM",2018,,6,228,99.89,12321
"Hungary","HUN",2000,0.78942,810,4127,4399.5,15769
"Hungary","HUN",2001,0.91189,919,4529,4411.01,14737
"Hungary","HUN",2002,0.98198,842,5064,4647.56,13402
"Hungary","HUN",2003,0.91841,756,4054,4640.53,13564
"Hungary","HUN",2004,0.86035,748,1909,4875.73,11416
"Hungary","HUN",2005,0.92094,705,497,5580.83,8971
"Hungary","HUN",2006,0.98097,718,206,5561.03,8577
"Hungary","HUN",2007,0.95674,689,102,5877.07,8192
"Hungary","HUN",2008,0.9796,683,89,6442.02,7491
"Hungary","HUN",2009,1.13212,757,30,6034.26,6210
"Hungary","HUN",2010,1.13945,649,47,5910.15,6093
"Hungary","HUN",2011,1.18897,662,36,6430.05,6146
"Hungary","HUN",2012,1.26362,692,66,6519.56,4756
"Hungary","HUN",2013,1.38884,642,66,6299.56,5667
"Hungary","HUN",2014,1.35373,546,73,6728.01,5362
"Hungary","HUN",2015,1.36245,569,64,6533.46,4859
"Hungary","HUN",2016,1.20423,616,49,6473.35,5502
"Hungary","HUN",2017,1.3486,496,36,6645.69,5644
"Hungary","HUN",2018,1.55484,407,36,6700.92,5445
"Iceland","ISL",2000,2.5783,51,825,214.51,7284
"Iceland","ISL",2001,2.8501,49,713,234.81,3513
"Iceland","ISL",2002,2.82841,71,379,305.66,3259
"Iceland","ISL",2003,2.70912,57,748,258.25,3220
"Iceland","ISL",2004,,66,463,303.88,3598
"Iceland","ISL",2005,2.68614,47,545,359.28,3808
"Iceland","ISL",2006,2.8939,45,326,376.74,4184
"Iceland","ISL",2007,2.54913,61,53,382.36,4342
"Iceland","ISL",2008,2.48745,50,31,422.58,4001
"Iceland","ISL",2009,2.59511,64,22,483.54,3247
"Iceland","ISL",2010,,57,19,559.28,3285
"Iceland","ISL",2011,2.41367,50,21,544.73,3419
"Iceland","ISL",2012,,37,7,632.94,3374
"Iceland","ISL",2013,1.70204,33,13,582.95,3242
"Iceland","ISL",2014,1.94811,51,13,596.7,3629
"Iceland","ISL",2015,2.20315,40,6,608.6,3386
"Iceland","ISL",2016,2.11766,35,3,662.79,3661
"Iceland","ISL",2017,2.10444,36,8,629.31,3644
"Iceland","ISL",2018,2.02994,56,10,680.89,3944
"India","IND",2000,0.75699,2206,6332,21770.72,84275
"India","IND",2001,0.73591,2379,8213,22947.58,90236
"India","IND",2002,0.72567,2693,8772,24853.47,94120
"India","IND",2003,0.71929,3425,9188,27295.91,92251
"India","IND",2004,0.7569,4014,13452,29347.65,78996
"India","IND",2005,0.82411,4721,19661,33516.09,85669
"India","IND",2006,0.80473,5686,23242,38515.35,103421
"India","IND",2007,0.80507,6296,28922,43627.4,123514
"India","IND",2008,0.85876,6425,30387,48998.11,130172
"India","IND",2009,0.83314,7262,27025,54797.65,141943
"India","IND",2010,0.78849,8853,30909,62436.88,189926
"India","IND",2011,0.75502,8841,33450,74142.9,198547
"India","IND",2012,0.74399,9553,34402,80493.3,190851
"India","IND",2013,0.70642,10669,32362,86348.11,202818
"India","IND",2014,0.70159,12040,30814,96425.77,223756
"India","IND",2015,0.6931,12579,33079,101813.08,274822
"India","IND",2016,0.67111,13199,31858,112167.34,296321
"India","IND",2017,0.66584,14961,31621,121631.31,266169
"India","IND",2018,0.64998,16289,33766,135787.79,323970
"Iran, Islamic Rep.","IRN",2000,,410,206,1567.77,10220
"Iran, Islamic Rep.","IRN",2001,0.50218,691,302,1907.03,11082
"Iran, Islamic Rep.","IRN",2002,0.49558,910,285,2769.16,13023
"Iran, Islamic Rep.","IRN",2003,0.59484,1287,355,3838.54,8762
"Iran, Islamic Rep.","IRN",2004,0.50453,2426,356,5125.69,20650
"Iran, Islamic Rep.","IRN",2005,0.62284,4051,443,7089.89,24080
"Iran, Islamic Rep.","IRN",2006,0.55921,5970,557,10032.85,27809
"Iran, Islamic Rep.","IRN",2007,,10648,502,13352.19,32938
"Iran, Islamic Rep.","IRN",2008,0.64647,15403,552,17034.49,34650
"Iran, Islamic Rep.","IRN",2009,0.27258,12184,516,20696.31,27299
"Iran, Islamic Rep.","IRN",2010,0.26442,11108,528,25319.91,29518
"Iran, Islamic Rep.","IRN",2011,,11529,489,31514.73,31165
"Iran, Islamic Rep.","IRN",2012,0.31655,10622,432,32103.33,28856
"Iran, Islamic Rep.","IRN",2013,0.25267,11305,338,33171.3,38967
"Iran, Islamic Rep.","IRN",2014,,13683,119,36463.16,55401
"Iran, Islamic Rep.","IRN",2015,0.41763,,,37229.52,62949
"Iran, Islamic Rep.","IRN",2016,,14930,702,42855.86,57048
"Iran, Islamic Rep.","IRN",2017,0.83027,15264,995,46727.38,109682
"Iran, Islamic Rep.","IRN",2018,,11908,915,48305.64,111713
"Israel","ISR",2000,3.93624,1599,5203,9245.52,11730
"Israel","ISR",2001,4.18772,1248,5521,9290.11,8936
"Israel","ISR",2002,4.13345,1213,5095,9669.6,7669
"Israel","ISR",2003,3.89787,1329,4569,9844.56,7323
"Israel","ISR",2004,3.87732,1544,4870,10309.14,7968
"Israel","ISR",2005,4.05153,1669,5157,10460.49,8975
"Israel","ISR",2006,4.14236,1342,6154,11009.5,10253
"Israel","ISR",2007,4.42769,1615,6394,11192.87,10578
"Israel","ISR",2008,4.34517,1528,6214,11328.61,10742
"Israel","ISR",2009,4.13326,1387,5387,11173.52,8306
"Israel","ISR",2010,3.93984,1450,5856,10914.56,8778
"Israel","ISR",2011,4.01151,1360,5526,11248.86,8270
"Israel","ISR",2012,4.15735,1319,5473,11622.78,8346
"Israel","ISR",2013,4.09218,1201,4984,11395.49,8625
"Israel","ISR",2014,4.16793,1125,5148,12112.79,8955
"Israel","ISR",2015,4.25592,1285,5623,12048.66,9225
"Israel","ISR",2016,4.50574,1300,5119,12244.1,9098
"Israel","ISR",2017,4.81602,1436,5377,12270.41,9483
"Israel","ISR",2018,4.95278,1506,5857,12234.69,10025
"Japan","JPN",2000,2.90569,384201,35342,97047.6,146365
"Japan","JPN",2001,2.97183,382815,57433,96497.65,123149
"Japan","JPN",2002,3.01394,365204,56601,98555.05,117014
"Japan","JPN",2003,3.04295,358184,54909,100691.14,123347
"Japan","JPN",2004,3.02952,368416,54665,103446.22,129828
"Japan","JPN",2005,3.18099,367960,59118,111707.84,135164
"Japan","JPN",2006,3.27844,347060,61614,112126.95,134284
"Japan","JPN",2007,3.3396,333498,62793,109981.96,142496
"Japan","JPN",2008,3.33718,330110,60892,108241.42,117847
"Japan","JPN",2009,3.2314,295315,53281,109131.25,109614
"Japan","JPN",2010,3.13708,290081,54517,109024.97,113175
"Japan","JPN",2011,3.24477,287580,55030,111258.23,107017
"Japan","JPN",2012,3.20908,287013,55783,109643.54,119265
"Japan","JPN",2013,3.31496,271731,56705,108995.98,116141
"Japan","JPN",2014,3.40022,265959,60030,105855.88,124618
"Japan","JPN",2015,3.28165,258839,59882,101306.59,144862
"Japan","JPN",2016,3.15522,260244,58137,101297.3,163007
"Japan","JPN",2017,3.21254,260292,58189,101084.19,188928
"Japan","JPN",2018,3.26451,253630,59937,98792.5,183657
"Kazakhstan","KAZ",2000,0.18104,1399,116,190.17,4766
"Kazakhstan","KAZ",2001,0.22009,1607,99,194.91,4778
"Kazakhstan","KAZ",2002,0.25509,1594,103,216.99,4622
"Kazakhstan","KAZ",2003,0.25246,1696,102,244.56,6035
"Kazakhstan","KAZ",2004,0.24837,1756,111,233.57,6554
"Kazakhstan","KAZ",2005,0.28361,1523,103,242.24,
"Kazakhstan","KAZ",2006,0.24281,1433,124,222.31,
"Kazakhstan","KAZ",2007,0.20884,1633,194,216.01,
"Kazakhstan","KAZ",2008,0.21654,1483,189,231.66,7597
"Kazakhstan","KAZ",2009,0.22924,1513,314,266.89,6615
"Kazakhstan","KAZ",2010,0.15341,1691,273,323.91,6837
"Kazakhstan","KAZ",2011,0.15349,1415,317,380.93,8616
"Kazakhstan","KAZ",2012,0.16525,,,445.67,9443
"Kazakhstan","KAZ",2013,0.17132,1824,378,628.87,9848
"Kazakhstan","KAZ",2014,0.16722,1742,271,934.87,9527
"Kazakhstan","KAZ",2015,0.16951,1271,232,1171.06,8843
"Kazakhstan","KAZ",2016,0.14179,993,231,1601.18,9243
"Kazakhstan","KAZ",2017,0.12972,1055,173,1958.82,9633
"Kazakhstan","KAZ",2018,0.12286,789,193,2367.46,10600
"Korea, Rep.","KOR",2000,2.18023,72831,29179,15905.06,110073
"Korea, Rep.","KOR",2001,2.34108,73714,30898,18512.07,107137
"Korea, Rep.","KOR",2002,2.27382,76570,29566,20091.98,107876
"Korea, Rep.","KOR",2003,2.3515,90313,28338,23608.45,111114
"Korea, Rep.","KOR",2004,2.53248,105250,34865,27661.76,113814
"Korea, Rep.","KOR",2005,2.62617,122188,38733,31833.9,122133
"Korea, Rep.","KOR",2006,2.83066,125476,40713,36859.56,129327
"Korea, Rep.","KOR",2007,3.00035,128701,43768,41496.3,140272
"Korea, Rep.","KOR",2008,3.12343,127114,43518,44094.48,135882
"Korea, Rep.","KOR",2009,3.29324,127316,36207,45913.84,133116
"Korea, Rep.","KOR",2010,3.46594,131805,38296,50589.14,128672
"Korea, Rep.","KOR",2011,3.74361,138034,40890,53719.87,132506
"Korea, Rep.","KOR",2012,4.02554,148136,40779,56267.53,141838
"Korea, Rep.","KOR",2013,4.14853,159978,44611,57863.47,157139
"Korea, Rep.","KOR",2014,4.28874,164073,46219,60705.29,160310
"Korea, Rep.","KOR",2015,4.21702,167275,46419,62645.93,183005
"Korea, Rep.","KOR",2016,4.22744,163424,45406,62735.09,181889
"Korea, Rep.","KOR",2017,4.55324,159084,45691,63979.21,180422
"Korea, Rep.","KOR",2018,4.81009,162561,47431,66376.17,199476
"Kyrgyz Republic","KGZ",2000,0.15637,80,4,28.88,2334
"Kyrgyz Republic","KGZ",2001,0.17189,84,14,27.97,2190
"Kyrgyz Republic","KGZ",2002,0.1981,123,5,26.96,1817
"Kyrgyz Republic","KGZ",2003,0.22272,179,1,20.7,1958
"Kyrgyz Republic","KGZ",2004,0.19926,,,33.11,2449
"Kyrgyz Republic","KGZ",2005,0.19861,,,44.83,2651
"Kyrgyz Republic","KGZ",2006,0.23014,,,51.2,2915
"Kyrgyz Republic","KGZ",2007,0.23425,155,3,38.24,3416
"Kyrgyz Republic","KGZ",2008,0.19017,135,3,52.57,3443
"Kyrgyz Republic","KGZ",2009,0.15997,146,3,33.71,
"Kyrgyz Republic","KGZ",2010,0.15547,134,6,33.83,
"Kyrgyz Republic","KGZ",2011,0.15633,124,5,48.83,3140
"Kyrgyz Republic","KGZ",2012,0.1661,110,1,50.45,3288
"Kyrgyz Republic","KGZ",2013,0.14914,111,3,61.43,3295
"Kyrgyz Republic","KGZ",2014,0.12536,132,7,53.41,2980
"Kyrgyz Republic","KGZ",2015,0.11903,122,4,51.24,3109
"Kyrgyz Republic","KGZ",2016,0.11121,84,5,106.78,2841
"Kyrgyz Republic","KGZ",2017,0.10707,137,9,107.1,3317
"Kyrgyz Republic","KGZ",2018,,,,137.06,3593
"Latvia","LVA",2000,0.43598,98,81,288.03,6548
"Latvia","LVA",2001,0.40321,117,63,341.05,6428
"Latvia","LVA",2002,0.40888,150,64,363.52,6321
"Latvia","LVA",2003,0.36002,91,24,278.45,7142
"Latvia","LVA",2004,0.40013,108,43,294.56,6085
"Latvia","LVA",2005,0.52959,112,57,450.23,4953
"Latvia","LVA",2006,0.65063,114,37,389.02,4910
"Latvia","LVA",2007,0.55379,139,8,494.93,4899
"Latvia","LVA",2008,0.58139,206,9,648.81,4616
"Latvia","LVA",2009,0.45271,240,3,711.61,3173
"Latvia","LVA",2010,0.61078,178,7,817.22,3414
"Latvia","LVA",2011,0.69662,173,10,1318.3,3386
"Latvia","LVA",2012,0.66424,193,12,1200.72,3286
"Latvia","LVA",2013,0.6122,225,8,1239.28,3155
"Latvia","LVA",2014,0.6893,103,4,1171.05,2934
"Latvia","LVA",2015,0.62623,136,1,1474.02,2990
"Latvia","LVA",2016,0.44094,95,18,1390.79,2638
"Latvia","LVA",2017,0.51012,90,7,1602.91,3060
"Latvia","LVA",2018,0.63068,86,24,1417.73,3427
"Lithuania","LTU",2000,0.5848,66,61,599.75,6818
"Lithuania","LTU",2001,0.66679,68,55,645.05,6504
"Lithuania","LTU",2002,0.6567,85,46,1002.13,6496
"Lithuania","LTU",2003,0.66339,64,49,958.16,7550
"Lithuania","LTU",2004,0.75066,70,44,1228.67,6798
"Lithuania","LTU",2005,0.74741,68,47,1510.94,5391
"Lithuania","LTU",2006,0.79119,65,34,1760.37,5586
"Lithuania","LTU",2007,0.80093,62,20,1703.5,5952
"Lithuania","LTU",2008,0.78844,87,18,2533.16,5758
"Lithuania","LTU",2009,0.82967,91,16,2304.45,3992
"Lithuania","LTU",2010,0.78348,108,6,2359.5,4180
"Lithuania","LTU",2011,0.9039,93,15,2446.03,4108
"Lithuania","LTU",2012,0.89469,109,15,2285.45,4030
"Lithuania","LTU",2013,0.95088,117,20,2265.95,4046
"Lithuania","LTU",2014,1.03048,123,42,2492.17,3942
"Lithuania","LTU",2015,1.04095,101,18,2464.44,3629
"Lithuania","LTU",2016,0.84329,95,58,2306.22,3805
"Lithuania","LTU",2017,0.89808,81,46,2404.65,4179
"Lithuania","LTU",2018,0.94496,81,24,2267.3,4171
"Madagascar","MDG",2000,0.11976,7,48,57.23,635
"Madagascar","MDG",2001,0.21821,,38,60.8,572
"Madagascar","MDG",2002,0.24552,4,25,41.2,455
"Madagascar","MDG",2003,0.33841,3,20,65.2,831
"Madagascar","MDG",2004,0.22353,16,22,48.16,732
"Madagascar","MDG",2005,0.17552,7,35,56.73,858
"Madagascar","MDG",2006,0.16371,4,40,61.62,878
"Madagascar","MDG",2007,0.14037,9,67,106.01,894
"Madagascar","MDG",2008,0.13404,14,63,81.92,1386
"Madagascar","MDG",2009,0.14683,1,43,86.6,1472
"Madagascar","MDG",2010,0.11324,9,34,81.22,1642
"Madagascar","MDG",2011,0.10588,3,58,99.46,1650
"Madagascar","MDG",2012,,4,40,94.61,1879
"Madagascar","MDG",2013,,4,47,115.63,1729
"Madagascar","MDG",2014,0.0155,5,29,121.32,1945
"Madagascar","MDG",2015,,3,16,121.86,1819
"Madagascar","MDG",2016,0.01504,6,30,108.2,2144
"Madagascar","MDG",2017,0.01465,9,42,138.99,2058
"Madagascar","MDG",2018,,9,37,127.41,2229
"Malta","MLT",2000,,23,93,43.1,1633
"Malta","MLT",2001,,26,107,51.48,2916
"Malta","MLT",2002,0.2385,22,180,55.39,2233
"Malta","MLT",2003,0.23707,,,77.44,3665
"Malta","MLT",2004,0.49256,,471,61.88,1579
"Malta","MLT",2005,0.52996,,,75.15,1674
"Malta","MLT",2006,0.58025,,805,83.85,1313
"Malta","MLT",2007,0.5485,10,29,106.35,1210
"Malta","MLT",2008,0.53331,14,34,177.19,1236
"Malta","MLT",2009,0.5174,8,21,161,911
"Malta","MLT",2010,0.60667,12,7,189.38,865
"Malta","MLT",2011,0.6738,9,6,194.89,822
"Malta","MLT",2012,0.82618,11,6,245.92,787
"Malta","MLT",2013,0.77238,13,4,286.34,948
"Malta","MLT",2014,0.71197,5,8,286.42,762
"Malta","MLT",2015,0.74085,9,2,314.53,704
"Malta","MLT",2016,0.56749,3,1,333.94,602
"Malta","MLT",2017,0.58275,,,395.95,1167
"Malta","MLT",2018,0.57462,,,422.02,
"Mexico","MEX",2000,0.30613,431,12630,5053.71,59721
"Mexico","MEX",2001,0.32418,534,13031,5470.52,61488
"Mexico","MEX",2002,0.3543,526,12536,5986.61,56237
"Mexico","MEX",2003,0.39314,468,11739,6723.17,53724
"Mexico","MEX",2004,0.38816,565,12633,7308.35,58553
"Mexico","MEX",2005,0.39844,584,13851,8306.8,63899
"Mexico","MEX",2006,0.36922,574,14931,9379.34,69781
"Mexico","MEX",2007,0.39833,629,15970,9611.38,83217
"Mexico","MEX",2008,0.44387,685,15896,10459.3,84287
"Mexico","MEX",2009,0.47954,822,13459,10717.65,81937
"Mexico","MEX",2010,0.49485,951,13625,11318.23,94457
"Mexico","MEX",2011,0.47129,1065,12990,11859.26,100281
"Mexico","MEX",2012,0.42096,1294,14020,12585.07,105828
"Mexico","MEX",2013,0.42503,1210,14234,13295.3,104362
"Mexico","MEX",2014,0.43549,1246,14889,14345.85,109932
"Mexico","MEX",2015,0.42986,1364,16707,14585.58,120443
"Mexico","MEX",2016,0.38801,1310,16103,15199.9,128919
"Mexico","MEX",2017,0.32829,1334,15850,16004.9,139048
"Mexico","MEX",2018,0.31223,1555,14869,16345.64,141553
"Moldova","MDA",2000,,240,10,191.46,3565
"Moldova","MDA",2001,,437,17,151.96,3647
"Moldova","MDA",2002,,239,30,150.79,3920
"Moldova","MDA",2003,0.32405,293,3,160.18,4496
"Moldova","MDA",2004,0.34903,297,9,126.74,5227
"Moldova","MDA",2005,0.39865,377,11,204.46,5522
"Moldova","MDA",2006,0.40622,303,9,143.33,5500
"Moldova","MDA",2007,0.54558,333,14,148.15,6115
"Moldova","MDA",2008,0.53463,273,22,164.84,5956
"Moldova","MDA",2009,0.52557,134,5,179.4,4427
"Moldova","MDA",2010,0.3665,139,11,174.07,5109
"Moldova","MDA",2011,0.33764,97,11,187.84,5147
"Moldova","MDA",2012,0.34907,93,22,208.07,5150
"Moldova","MDA",2013,0.29783,67,29,212.04,5203
"Moldova","MDA",2014,0.31105,67,72,213.4,4919
"Moldova","MDA",2015,0.30943,64,60,192.78,4489
"Moldova","MDA",2016,0.2769,91,64,299.63,4300
"Moldova","MDA",2017,0.25374,73,37,257.06,4482
"Moldova","MDA",2018,0.25498,92,21,210.37,4630
"Mongolia","MNG",2000,0.18757,,,26.6,2955
"Mongolia","MNG",2001,0.26749,106,76,26.94,3198
"Mongolia","MNG",2002,0.25173,121,105,26.45,3473
"Mongolia","MNG",2003,0.2518,167,86,37.67,2827
"Mongolia","MNG",2004,0.26777,143,86,35.14,3104
"Mongolia","MNG",2005,0.23776,100,87,38.49,3529
"Mongolia","MNG",2006,0.19121,103,110,49.03,1993
"Mongolia","MNG",2007,0.23827,,,110.19,
"Mongolia","MNG",2008,0.33667,,,93.8,
"Mongolia","MNG",2009,0.30478,76,67,100.55,1791
"Mongolia","MNG",2010,0.24438,110,69,92.48,2201
"Mongolia","MNG",2011,0.23054,,,103.29,
"Mongolia","MNG",2012,0.23913,,,129.65,
"Mongolia","MNG",2013,0.23246,133,132,164.43,
"Mongolia","MNG",2014,0.2234,139,126,116.16,3351
"Mongolia","MNG",2015,0.15468,109,128,104.4,3430
"Mongolia","MNG",2016,0.18337,112,107,118.87,3214
"Mongolia","MNG",2017,0.13475,124,104,146.56,3703
"Mongolia","MNG",2018,0.10293,82,79,140.85,4032
"North Macedonia","MKD",2000,0.41888,71,53,123.28,4584
"North Macedonia","MKD",2001,0.2931,66,59,140.89,3983
"North Macedonia","MKD",2002,0.24461,42,209,125.94,3711
"North Macedonia","MKD",2003,0.21064,48,23,135.55,4086
"North Macedonia","MKD",2004,0.23237,44,9,137.05,4560
"North Macedonia","MKD",2005,0.22825,53,15,173.23,4757
"North Macedonia","MKD",2006,0.19373,55,4,190.79,5019
"North Macedonia","MKD",2007,0.17093,105,13,254.32,5531
"North Macedonia","MKD",2008,0.22358,34,5,288.22,6241
"North Macedonia","MKD",2009,0.19679,39,11,320.87,4501
"North Macedonia","MKD",2010,0.21634,27,1,357.19,4598
"North Macedonia","MKD",2011,0.22276,37,3,459.9,4335
"North Macedonia","MKD",2012,0.32676,50,3,475.58,4219
"North Macedonia","MKD",2013,0.43894,42,4,479.95,4062
"North Macedonia","MKD",2014,0.51646,,,543.06,
"North Macedonia","MKD",2015,0.44412,,,548.28,
"North Macedonia","MKD",2016,0.43585,,,510.01,
"North Macedonia","MKD",2017,0.35525,,,498.61,
"North Macedonia","MKD",2018,0.36398,,,493.05,
"Norway","NOR",2000,,1311,5389,5056.22,16286
"Norway","NOR",2001,1.56231,1189,5242,5148.27,13994
"Norway","NOR",2002,1.63058,1178,5109,5169.95,12065
"Norway","NOR",2003,1.68036,1079,4782,5283.46,11985
"Norway","NOR",2004,1.54506,1142,4348,5746.73,13004
"Norway","NOR",2005,1.48317,1143,4843,6747.22,13618
"Norway","NOR",2006,1.45598,1119,4957,7140.62,14087
"Norway","NOR",2007,1.56401,1225,5431,7730.01,15363
"Norway","NOR",2008,1.55346,1150,4280,7921.48,15014
"Norway","NOR",2009,1.72279,1246,2358,8796.57,12814
"Norway","NOR",2010,1.64855,1117,696,9050.18,13386
"Norway","NOR",2011,1.62534,1122,654,9687.88,14085
"Norway","NOR",2012,1.61858,1009,555,10281.23,14060
"Norway","NOR",2013,1.65004,1101,648,10378.26,14645
"Norway","NOR",2014,1.71187,1106,457,10683.94,14935
"Norway","NOR",2015,1.93095,1153,652,10529.7,15033
"Norway","NOR",2016,2.03074,1227,833,11179.02,16101
"Norway","NOR",2017,2.09343,1152,908,11670.76,15638
"Norway","NOR",2018,2.06985,1082,592,11802.78,16479
"Peru","PER",2000,0.11266,40,1038,175.8,15955
"Peru","PER",2001,0.11096,36,974,198.21,13903
"Peru","PER",2002,0.10614,29,840,192.97,14085
"Peru","PER",2003,0.10813,32,892,263.83,13888
"Peru","PER",2004,0.15578,38,785,260.11,14976
"Peru","PER",2005,,27,993,287.76,18821
"Peru","PER",2006,,39,1232,433.51,19596
"Peru","PER",2007,,28,1331,399.52,21645
"Peru","PER",2008,,31,1504,400.26,24825
"Peru","PER",2009,,37,657,492.22,20945
"Peru","PER",2010,,39,261,545.12,23120
"Peru","PER",2011,0.08282,39,1129,596.85,24711
"Peru","PER",2012,0.0553,54,1136,637.19,25295
"Peru","PER",2013,0.08174,73,1193,666.7,25258
"Peru","PER",2014,0.10794,83,1204,744.18,25258
"Peru","PER",2015,0.11705,67,1182,902.11,26354
"Peru","PER",2016,0.12007,72,1091,1064.63,25577
"Peru","PER",2017,0.12101,100,1119,1378.89,26996
"Peru","PER",2018,0.12704,89,1133,1629.88,29972
"Poland","POL",2000,0.64202,2404,4899,13012.68,27860
"Poland","POL",2001,0.62284,2202,4328,14375.37,24724
"Poland","POL",2002,0.55785,2313,4292,15629.77,23144
"Poland","POL",2003,0.53884,2268,3973,16673.97,24133
"Poland","POL",2004,0.55251,2381,5359,18847.75,22184
"Poland","POL",2005,0.56281,2028,4555,20290.56,20373
"Poland","POL",2006,0.55082,2157,655,21897.69,20504
"Poland","POL",2007,0.56189,2392,361,22172.08,19818
"Poland","POL",2008,0.59921,2488,290,23942.43,20127
"Poland","POL",2009,0.66097,2899,241,23849.79,17286
"Poland","POL",2010,0.7207,3203,227,24753.55,17986
"Poland","POL",2011,0.74588,3879,244,25734.96,17933
"Poland","POL",2012,0.88086,4410,247,27969.55,16843
"Poland","POL",2013,0.87053,4237,174,30026.08,17095
"Poland","POL",2014,0.93978,3941,155,31773.31,16422
"Poland","POL",2015,1.00325,4676,139,33116.44,15467
"Poland","POL",2016,0.9641,4261,135,34838.68,16994
"Poland","POL",2017,1.03445,3924,117,34675.67,17127
"Poland","POL",2018,1.21228,4207,115,35662.64,16096
"Portugal","PRT",2000,0.72127,81,65,3343.65,18571
"Portugal","PRT",2001,0.76452,107,56,3828.88,16306
"Portugal","PRT",2002,0.72144,130,49,4077.07,14334
"Portugal","PRT",2003,0.69759,125,40,4630.46,14785
"Portugal","PRT",2004,0.72871,123,64,5213.1,15071
"Portugal","PRT",2005,0.75707,158,47,5916.67,14382
"Portugal","PRT",2006,0.95455,184,36,7174.7,17104
"Portugal","PRT",2007,1.12427,250,31,7654.28,20005
"Portugal","PRT",2008,1.4452,381,24,8699.13,19852
"Portugal","PRT",2009,1.57973,571,46,9536.74,18717
"Portugal","PRT",2010,1.53257,499,46,10586.89,19452
"Portugal","PRT",2011,1.45683,571,75,11925.05,18349
"Portugal","PRT",2012,1.37777,621,26,12967.22,16662
"Portugal","PRT",2013,1.32641,647,22,13974.07,16981
"Portugal","PRT",2014,1.28973,722,18,14569.91,19668
"Portugal","PRT",2015,1.24263,925,20,14691.23,18509
"Portugal","PRT",2016,1.28081,724,27,14348.02,18695
"Portugal","PRT",2017,1.32833,644,36,14391.44,20408
"Portugal","PRT",2018,1.36552,661,29,14294.56,21320
"Romania","ROU",2000,0.36626,1003,287,2405.9,11238
"Romania","ROU",2001,0.39129,1128,277,2425.92,11916
"Romania","ROU",2002,0.37721,1478,363,2485.5,12168
"Romania","ROU",2003,0.39708,881,293,2712.26,13780
"Romania","ROU",2004,0.38942,937,200,2889.46,17871
"Romania","ROU",2005,0.41262,916,68,3547.17,20072
"Romania","ROU",2006,0.45682,814,62,3711.52,21299
"Romania","ROU",2007,0.51148,827,59,5250,16302
"Romania","ROU",2008,0.55215,995,36,7180.52,14967
"Romania","ROU",2009,0.44395,1054,37,9040.43,12465
"Romania","ROU",2010,0.45688,1382,36,10370,11811
"Romania","ROU",2011,0.49832,1424,39,10055.14,11229
"Romania","ROU",2012,0.48383,1022,55,10287.1,10336
"Romania","ROU",2013,0.38787,993,53,10122.54,11468
"Romania","ROU",2014,0.38225,952,84,10073.39,10489
"Romania","ROU",2015,0.48793,975,78,10917.79,10041
"Romania","ROU",2016,0.48033,1005,58,10511.4,10317
"Romania","ROU",2017,0.5039,1098,80,11039.56,9930
"Romania","ROU",2018,0.5051,1100,47,10345.01,10515
"Russian Federation","RUS",2000,1.04983,23377,8960,32224.01,42840
"Russian Federation","RUS",2001,1.17694,24777,9313,34401.47,52287
"Russian Federation","RUS",2002,1.24652,23712,9596,34168.43,43115
"Russian Federation","RUS",2003,1.28603,24969,9901,32967.31,34886
"Russian Federation","RUS",2004,1.15133,22985,7205,32771.58,41345
"Russian Federation","RUS",2005,1.06797,23644,8609,33184.3,45945
"Russian Federation","RUS",2006,1.07294,27884,9807,29296.26,50926
"Russian Federation","RUS",2007,1.11611,27505,11934,30268.45,56187
"Russian Federation","RUS",2008,1.04435,27712,14137,31798.41,55632
"Russian Federation","RUS",2009,1.25192,25598,12966,32520.93,47539
"Russian Federation","RUS",2010,1.1302,28722,13778,33827.39,56070
"Russian Federation","RUS",2011,1.01261,26495,14919,35924.38,58334
"Russian Federation","RUS",2012,1.02675,28701,15510,35999.98,62208
"Russian Federation","RUS",2013,1.02524,28765,16149,38412.1,63018
"Russian Federation","RUS",2014,1.07203,24072,16236,44366.22,60547
"Russian Federation","RUS",2015,1.10076,29269,16248,52176.06,58631
"Russian Federation","RUS",2016,1.09728,26795,14792,62661.74,65860
"Russian Federation","RUS",2017,1.10656,22777,14106,70825.09,71790
"Russian Federation","RUS",2018,0.98988,24926,13031,81579.36,75081
"Serbia","SRB",2000,0.89807,,,0,
"Serbia","SRB",2001,0.32119,,,0,
"Serbia","SRB",2002,0.67954,,,0,
"Serbia","SRB",2003,0.52138,,,0,
"Serbia","SRB",2004,0.30444,473,694,0,
"Serbia","SRB",2005,0.3953,372,609,0,
"Serbia","SRB",2006,0.43985,432,273,0,5922
"Serbia","SRB",2007,0.57877,395,121,2875.14,9583
"Serbia","SRB",2008,0.66966,386,237,3024.86,8675
"Serbia","SRB",2009,0.8173,319,40,3620.34,6461
"Serbia","SRB",2010,0.70228,290,39,3988.03,6595
"Serbia","SRB",2011,0.68334,180,49,4759.4,6390
"Serbia","SRB",2012,0.85316,192,32,5879.6,6075
"Serbia","SRB",2013,0.68367,201,20,5242.49,6446
"Serbia","SRB",2014,0.72309,202,10,5052.69,6090
"Serbia","SRB",2015,0.81146,178,13,4872.66,6026
"Serbia","SRB",2016,0.83951,192,21,4982.05,6124
"Serbia","SRB",2017,0.87353,171,13,4916.94,6181
"Serbia","SRB",2018,0.92132,163,11,4523.42,6381
"Singapore","SGP",2000,1.81699,516,7720,4795.54,22616
"Singapore","SGP",2001,2.00931,524,7726,4903.43,16709
"Singapore","SGP",2002,2.03282,624,7575,5491.09,14841
"Singapore","SGP",2003,1.99679,626,7248,6104.85,16401
"Singapore","SGP",2004,2.07859,641,7944,7478.76,18929
"Singapore","SGP",2005,2.14812,569,8036,7982.14,20522
"Singapore","SGP",2006,2.11661,626,8537,8194.44,20875
"Singapore","SGP",2007,2.31988,696,9255,8281.13,22951
"Singapore","SGP",2008,2.59674,793,8899,8749.9,17069
"Singapore","SGP",2009,2.12924,750,7986,8985.24,14603
"Singapore","SGP",2010,1.93137,895,8878,9917.7,16929
"Singapore","SGP",2011,2.07065,1056,8738,10212.4,18202
"Singapore","SGP",2012,1.91939,1081,8604,10837.09,19265
"Singapore","SGP",2013,1.92335,1143,8579,11057.36,20033
"Singapore","SGP",2014,2.08464,1303,9009,11334.78,21296
"Singapore","SGP",2015,2.18198,1469,9345,11416.75,21380
"Singapore","SGP",2016,2.0801,1601,9379,11880.88,22758
"Singapore","SGP",2017,1.94431,1609,9321,11840.57,24153
"Singapore","SGP",2018,,1575,10270,11458.63,25932
"Slovak Republic","SVK",2000,0.63927,236,1804,2103.78,11156
"Slovak Republic","SVK",2001,0.62565,246,1696,2090.61,10488
"Slovak Republic","SVK",2002,0.56389,259,1599,2094.84,9673
"Slovak Republic","SVK",2003,0.56247,210,1437,2134.17,10326
"Slovak Republic","SVK",2004,0.50149,215,238,2275.89,9405
"Slovak Republic","SVK",2005,0.49401,155,95,2509.56,7939
"Slovak Republic","SVK",2006,0.47563,193,90,2591.54,7423
"Slovak Republic","SVK",2007,0.44824,239,106,2803.45,7362
"Slovak Republic","SVK",2008,0.46204,167,75,3282.6,6977
"Slovak Republic","SVK",2009,0.47326,176,63,3112.35,4982
"Slovak Republic","SVK",2010,0.61614,234,48,3567.05,4868
"Slovak Republic","SVK",2011,0.66326,224,33,3847.77,4850
"Slovak Republic","SVK",2012,0.80495,168,35,4225.7,4607
"Slovak Republic","SVK",2013,0.82362,184,26,4466.05,4803
"Slovak Republic","SVK",2014,0.88008,211,23,5007.44,4613
"Slovak Republic","SVK",2015,1.17171,228,28,5062.13,4538
"Slovak Republic","SVK",2016,0.78895,220,15,5492.66,4410
"Slovak Republic","SVK",2017,0.88267,183,23,5787.12,4344
"Slovak Republic","SVK",2018,0.83252,217,14,5321.6,4082
"Slovenia","SVN",2000,1.3563,307,124,1664.59,8345
"Slovenia","SVN",2001,1.46773,301,107,1632.95,7782
"Slovenia","SVN",2002,1.43874,300,101,1773.32,7275
"Slovenia","SVN",2003,1.24528,310,60,2095.96,7870
"Slovenia","SVN",2004,1.36806,342,42,1871.99,6928
"Slovenia","SVN",2005,1.41229,344,29,2300.1,5439
"Slovenia","SVN",2006,1.53291,287,12,2332.91,5205
"Slovenia","SVN",2007,1.42382,331,15,2688.84,5056
"Slovenia","SVN",2008,1.62564,301,6,2985.24,4795
"Slovenia","SVN",2009,1.81629,373,12,3143.24,3629
"Slovenia","SVN",2010,2.05763,442,11,3172.78,3779
"Slovenia","SVN",2011,2.42358,470,11,3613.96,3437
"Slovenia","SVN",2012,2.57319,,,3534.43,
"Slovenia","SVN",2013,2.5801,,,3535.77,
"Slovenia","SVN",2014,2.36743,,,3501.8,
"Slovenia","SVN",2015,2.19504,,,3557.71,
"Slovenia","SVN",2016,2.01191,,,3357.55,
"Slovenia","SVN",2017,1.86581,,,3448.68,
"Slovenia","SVN",2018,1.94221,255,23,3206.15,2700
"South Africa","ZAF",2000,,895,2400,3897.55,25678
"South Africa","ZAF",2001,0.71578,966,5427,4099.38,21901
"South Africa","ZAF",2002,,983,5617,4413.16,20367
"South Africa","ZAF",2003,0.76051,922,5303,4267.39,22768
"South Africa","ZAF",2004,0.81334,956,5833,4831.02,23826
"South Africa","ZAF",2005,0.86315,1003,6001,5174.46,27835
"South Africa","ZAF",2006,0.89815,866,6739,5715.98,31795
"South Africa","ZAF",2007,0.88287,915,7402,5938.9,35001
"South Africa","ZAF",2008,0.88816,860,7081,6343.81,29907
"South Africa","ZAF",2009,0.83562,822,5913,7114.73,26621
"South Africa","ZAF",2010,0.73704,821,5562,7601.07,30549
"South Africa","ZAF",2011,0.73451,656,6589,8293.8,33484
"South Africa","ZAF",2012,0.73363,608,6836,9105.71,34604
"South Africa","ZAF",2013,0.72488,638,6657,9709.05,36070
"South Africa","ZAF",2014,0.77115,802,6750,10349.9,35418
"South Africa","ZAF",2015,0.79846,889,6608,10964.38,36973
"South Africa","ZAF",2016,0.81882,704,6506,12045.47,37976
"South Africa","ZAF",2017,0.83215,728,6816,12846.08,26251
"South Africa","ZAF",2018,,657,6258,13008.74,38537
"Spain","ESP",2000,0.88495,2710,484,24974.54,98981
"Spain","ESP",2001,0.89019,2528,467,26436.54,88695
"Spain","ESP",2002,0.96005,2763,371,28163.47,78362
"Spain","ESP",2003,1.02219,2813,367,29296.77,62632
"Spain","ESP",2004,1.03849,2871,313,31810.04,63292
"Spain","ESP",2005,1.09577,3040,313,35877.12,63371
"Spain","ESP",2006,1.17217,3111,316,39379.36,64902
"Spain","ESP",2007,1.23448,3267,265,42297.4,63717
"Spain","ESP",2008,1.31706,3632,252,44191.24,55111
"Spain","ESP",2009,1.35134,3596,207,47338.3,46309
"Spain","ESP",2010,1.34961,3566,213,48988.91,46874
"Spain","ESP",2011,1.32508,3430,196,52255.99,47337
"Spain","ESP",2012,1.28788,3266,209,54627.9,47051
"Spain","ESP",2013,1.26859,3026,218,54909.58,49692
"Spain","ESP",2014,1.23535,2953,225,56559.76,52764
"Spain","ESP",2015,1.21832,2799,221,55147.04,53118
"Spain","ESP",2016,1.18526,2745,177,55514.33,54740
"Spain","ESP",2017,1.2058,2167,176,55432.15,55076
"Spain","ESP",2018,1.237,1525,149,54536.59,55362
"Sweden","SWE",2000,,4224,844,14548.78,16424
"Sweden","SWE",2001,3.90785,3926,574,14738.29,14360
"Sweden","SWE",2002,,3358,597,14571.2,13762
"Sweden","SWE",2003,3.60977,3025,703,14795.43,13070
"Sweden","SWE",2004,3.38737,2768,462,15321.32,13904
"Sweden","SWE",2005,3.38312,2522,438,16487.74,13688
"Sweden","SWE",2006,3.49609,2446,413,16683.43,13585
"Sweden","SWE",2007,3.25273,2527,398,16771.1,14564
"Sweden","SWE",2008,3.49104,2549,306,16682.9,14491
"Sweden","SWE",2009,3.44598,2186,463,17465.57,12335
"Sweden","SWE",2010,3.21262,2196,353,17760.44,12419
"Sweden","SWE",2011,3.24522,2004,337,18368.45,11802
"Sweden","SWE",2012,3.27772,2288,148,19365.66,11128
"Sweden","SWE",2013,3.30252,2332,163,20069.72,10360
"Sweden","SWE",2014,3.14261,1984,441,21116.43,9859
"Sweden","SWE",2015,3.26418,2038,390,20858.16,10136
"Sweden","SWE",2016,3.26923,2032,352,20860.65,10509
"Sweden","SWE",2017,3.39676,1992,305,20768.71,10641
"Sweden","SWE",2018,3.33937,1838,442,20420.56,9210
"Thailand","THA",2000,0.24471,561,4488,1659.32,27055
"Thailand","THA",2001,0.25231,534,4798,1790.96,26119
"Thailand","THA",2002,0.23055,615,3874,2145.65,30109
"Thailand","THA",2003,0.24534,802,4329,2322.32,33049
"Thailand","THA",2004,0.23829,819,4554,2732.72,36968
"Thailand","THA",2005,0.21889,891,5449,3582.79,36423
"Thailand","THA",2006,0.23271,1040,5221,4347.22,33947
"Thailand","THA",2007,0.2008,945,5873,4880.91,33555
"Thailand","THA",2008,0.20331,902,5839,5578.65,35422
"Thailand","THA",2009,0.23455,1025,4832,6010.63,36087
"Thailand","THA",2010,,1214,723,6876.96,37656
"Thailand","THA",2011,0.36146,927,2997,7332.78,38950
"Thailand","THA",2012,,1020,5726,7660.64,44963
"Thailand","THA",2013,0.44164,1572,5832,7720.57,46097
"Thailand","THA",2014,0.47988,1006,6924,8358.95,45661
"Thailand","THA",2015,0.61609,1029,7138,8706.83,52344
"Thailand","THA",2016,0.7802,1098,6722,9740.11,51615
"Thailand","THA",2017,1.00403,979,6886,11151.54,43330
"Thailand","THA",2018,,904,7245,12513.75,54097
"Tunisia","TUN",2000,,47,210,649.05,3384
"Tunisia","TUN",2001,,22,156,796.16,3293
"Tunisia","TUN",2002,0.54302,45,58,979.98,3186
"Tunisia","TUN",2003,0.65043,35,120,1065.98,3158
"Tunisia","TUN",2004,0.73095,46,223,1351.7,3743
"Tunisia","TUN",2005,0.71195,56,282,1716.89,3864
"Tunisia","TUN",2006,0.67726,77,379,1975.6,4897
"Tunisia","TUN",2007,0.66551,76,416,2338.97,4706
"Tunisia","TUN",2008,0.6394,76,472,2775.88,4476
"Tunisia","TUN",2009,0.70644,105,452,3224.32,
"Tunisia","TUN",2010,0.69026,113,508,3509.7,
"Tunisia","TUN",2011,0.70863,137,543,3748.72,3906
"Tunisia","TUN",2012,0.68206,150,476,3913.32,4110
"Tunisia","TUN",2013,0.67071,112,437,4323.48,4574
"Tunisia","TUN",2014,0.65423,142,400,4615.19,5631
"Tunisia","TUN",2015,0.62967,180,409,5072.55,5449
"Tunisia","TUN",2016,0.60353,235,348,5444.97,5936
"Tunisia","TUN",2017,,172,383,5877.04,6045
"Tunisia","TUN",2018,0.59997,180,271,5564.86,
"Turkey","TUR",2000,0.46783,277,3156,6830.23,29477
"Turkey","TUR",2001,0.52638,337,2875,8592.57,27918
"Turkey","TUR",2002,0.51294,414,1424,10952.63,35616
"Turkey","TUR",2003,0.46945,489,348,13450.12,38029
"Turkey","TUR",2004,0.50215,682,235,16021.82,47535
"Turkey","TUR",2005,0.56931,928,218,17823.28,59521
"Turkey","TUR",2006,0.55749,1072,160,19688.7,65703
"Turkey","TUR",2007,0.69182,1810,211,21729.57,70788
"Turkey","TUR",2008,0.69292,2221,176,22100.91,73139
"Turkey","TUR",2009,0.8094,2555,177,25155.09,70335
"Turkey","TUR",2010,0.79892,3180,177,26486.52,84609
"Turkey","TUR",2011,0.79988,3885,228,27305.85,116631
"Turkey","TUR",2012,0.83217,4434,232,28451.45,110602
"Turkey","TUR",2013,0.81821,4392,269,30813.42,107215
"Turkey","TUR",2014,0.86077,4766,331,31592.93,111232
"Turkey","TUR",2015,0.8815,5352,489,33233.85,109577
"Turkey","TUR",2016,0.94464,6230,618,35510.17,108336
"Turkey","TUR",2017,0.96105,8175,380,33836.33,119304
"Turkey","TUR",2018,,7156,310,33535.8,119590
"Ukraine","UKR",2000,0.96213,5620,1604,5391.6,11167
"Ukraine","UKR",2001,1.02429,7208,1610,6678.51,13688
"Ukraine","UKR",2002,0.99917,1601,1153,5922.16,16349
"Ukraine","UKR",2003,1.11287,1635,1438,5738.81,19599
"Ukraine","UKR",2004,1.08258,4090,1689,5715.04,20667
"Ukraine","UKR",2005,1.03197,3538,2054,5941.91,23553
"Ukraine","UKR",2006,0.95,3474,2416,5293.69,28592
"Ukraine","UKR",2007,0.85403,3440,2723,5488.86,32654
"Ukraine","UKR",2008,0.84727,2825,2872,5881.14,31774
"Ukraine","UKR",2009,0.85727,2434,2380,5600.68,25109
"Ukraine","UKR",2010,0.83346,2556,2756,5963.76,28307
"Ukraine","UKR",2011,0.7378,2649,2604,6262.71,29353
"Ukraine","UKR",2012,0.75167,2491,2464,6654.4,31261
"Ukraine","UKR",2013,0.76175,2856,2556,7356.73,33358
"Ukraine","UKR",2014,0.65034,2457,2356,7237.53,26381
"Ukraine","UKR",2015,0.61477,2271,2226,7272.89,31003
"Ukraine","UKR",2016,0.48339,2233,1862,7853.62,36088
"Ukraine","UKR",2017,0.44839,2283,1764,8977.67,36830
"Ukraine","UKR",2018,0.47134,2107,1861,10379.89,38004
"United Kingdom","GBR",2000,1.62649,22050,10697,77244.9,42550
"United Kingdom","GBR",2001,1.61903,21423,10658,73779.92,36691
"United Kingdom","GBR",2002,1.6254,20624,10907,74814.46,35306
"United Kingdom","GBR",2003,1.5895,20426,11198,75564.08,34194
"United Kingdom","GBR",2004,1.5423,19178,10776,79249.97,36192
"United Kingdom","GBR",2005,1.5612,17833,10155,84940.1,35500
"United Kingdom","GBR",2006,1.58285,17484,8261,88142.47,38056
"United Kingdom","GBR",2007,1.62165,17375,7624,91212.76,40044
"United Kingdom","GBR",2008,1.62307,16523,6856,91357.74,35091
"United Kingdom","GBR",2009,1.6825,15985,6480,93803.37,33846
"United Kingdom","GBR",2010,1.66063,15490,6439,93791.51,36255
"United Kingdom","GBR",2011,1.66488,15343,6916,95820.1,39113
"United Kingdom","GBR",2012,1.59382,15370,7865,98144.92,42913
"United Kingdom","GBR",2013,1.63938,14972,7966,99228.41,50005
"United Kingdom","GBR",2014,1.65915,15196,7844,99384.79,54794
"United Kingdom","GBR",2015,1.66818,14867,7934,99616.02,57891
"United Kingdom","GBR",2016,1.68211,13876,8183,99366.17,67053
"United Kingdom","GBR",2017,1.69829,13301,8771,99128.72,83752
"United Kingdom","GBR",2018,1.72412,12865,8076,97680.9,94915
"United States","USA",2000,2.62879,164795,131100,304781.56,292464
"United States","USA",2001,2.6483,177513,148958,305612.91,216311
"United States","USA",2002,2.55926,184245,150200,319307.62,212638
"United States","USA",2003,2.56455,188941,153500,329398.86,221739
"United States","USA",2004,2.50243,189536,167407,353853.49,250366
"United States","USA",2005,2.51697,207867,182866,384572.94,263677
"United States","USA",2006,2.55764,221784,204182,385515,276110
"United States","USA",2007,2.63161,241347,214807,391909.59,303501
"United States","USA",2008,2.76791,231588,224733,393978.95,292726
"United States","USA",2009,2.8127,224912,231194,399350.31,265943
"United States","USA",2010,2.7354,241977,248249,408817.1,281462
"United States","USA",2011,2.76525,247750,255832,423958.81,305209
"United States","USA",2012,2.68166,268782,274033,427996.8,313325
"United States","USA",2013,2.70972,287831,283781,429570.05,323340
"United States","USA",2014,2.71924,285096,293706,433192.28,342576
"United States","USA",2015,2.71742,288335,301075,429988.89,374976
"United States","USA",2016,2.76145,295327,310244,427264.63,393241
"United States","USA",2017,2.81741,293904,313052,432216.49,448211
"United States","USA",2018,2.83766,285095,312046,422807.71,464786
"Uruguay","URY",2000,0.20925,44,572,223.82,15698
"Uruguay","URY",2001,,52,543,233.94,14904
"Uruguay","URY",2002,0.23818,30,466,275.16,12272
"Uruguay","URY",2003,,45,504,281.74,11035
"Uruguay","URY",2004,,37,514,309.75,12908
"Uruguay","URY",2005,,24,589,353.69,12764
"Uruguay","URY",2006,0.36539,31,725,355.82,12216
"Uruguay","URY",2007,0.42472,35,739,386.69,12795
"Uruguay","URY",2008,0.37973,33,706,440.38,11501
"Uruguay","URY",2009,0.41252,30,750,483.26,9603
"Uruguay","URY",2010,0.34115,23,761,506.87,5730
"Uruguay","URY",2011,0.3487,20,667,587.07,6302
"Uruguay","URY",2012,0.3276,22,678,585.14,5843
"Uruguay","URY",2013,0.32113,,,594.76,6021
"Uruguay","URY",2014,0.33579,37,639,746.83,5836
"Uruguay","URY",2015,0.36446,26,532,688.05,5571
"Uruguay","URY",2016,0.40845,,,841.83,
"Uruguay","URY",2017,0.48393,23,500,788.62,5545
"Uruguay","URY",2018,,,,852.23,
"Uzbekistan","UZB",2000,0.36063,755,213,357.72,3226
"Uzbekistan","UZB",2001,0.34544,803,443,400.91,3161
"Uzbekistan","UZB",2002,0.29356,715,203,348.19,2830
"Uzbekistan","UZB",2003,0.26825,931,171,296.39,2666
"Uzbekistan","UZB",2004,0.27041,273,205,363.54,3005
"Uzbekistan","UZB",2005,0.23741,264,180,332.55,2885
"Uzbekistan","UZB",2006,0.22395,323,186,288.03,3548
"Uzbekistan","UZB",2007,0.21721,324,198,346.5,5093
"Uzbekistan","UZB",2008,0.19354,262,186,302.83,4362
"Uzbekistan","UZB",2009,0.20315,238,174,338.72,4096
"Uzbekistan","UZB",2010,0.19523,370,262,391.74,4526
"Uzbekistan","UZB",2011,0.19499,282,274,378.47,4747
"Uzbekistan","UZB",2012,0.2021,257,253,327.7,5096
"Uzbekistan","UZB",2013,0.19662,299,258,347.23,4626
"Uzbekistan","UZB",2014,0.16172,345,223,337.28,4818
"Uzbekistan","UZB",2015,0.17373,288,219,294.97,5095
"Uzbekistan","UZB",2016,0.18156,353,202,382.23,5206
"Uzbekistan","UZB",2017,0.15566,357,196,338.75,5922
"Uzbekistan","UZB",2018,0.12976,470,180,353.91,6095
